Site_Name,Product_Name,Customer,ActivityDate,Quantity,Unit_Price
13,40,6,1/1/2017,31.0,1.67
13,40,6,2/1/2017,31.0,1.67
13,40,6,3/1/2017,72.0,1.67
13,40,6,4/1/2017,62.0,1.67
13,40,6,5/1/2017,59.0,1.67
13,40,6,6/1/2017,38.0,1.67
13,40,6,7/1/2017,37.0,1.67
13,40,6,8/1/2017,37.0,1.67
13,40,6,9/1/2017,72.0,1.67
13,40,6,10/1/2017,67.0,6.67
13,40,6,11/1/2017,93.0,1.67
13,40,6,12/1/2017,90.0,6.67
13,40,6,13/1/17,71.0,1.67
13,40,6,14/1/17,71.0,1.67
13,40,6,15/1/17,71.0,1.67
13,40,6,16/1/17,59.0,1.67
13,40,6,17/1/17,50.0,1.67
13,40,6,18/1/17,80.0,1.67
13,40,6,19/1/17,76.0,1.67
13,40,6,20/1/17,48.0,1.67
13,40,6,21/1/17,48.0,1.67
13,40,6,22/1/17,48.0,1.67
13,40,6,23/1/17,77.0,1.67
13,40,6,24/1/17,71.0,1.67
13,40,6,25/1/17,119.0,1.67
13,40,6,26/1/17,113.0,1.67
13,40,6,27/1/17,93.0,1.67
13,40,6,28/1/17,93.0,6.67
13,40,6,29/1/17,93.0,6.67
13,40,6,30/1/17,68.0,6.67
13,40,6,31/1/17,55.0,6.67
13,40,6,1/2/2017,117.0,71.67
13,40,6,2/2/2017,110.0,64.0
13,40,6,3/2/2017,82.0,64.0
13,40,6,4/2/2017,82.0,64.0
13,40,6,5/2/2017,82.0,34.98
13,40,6,6/2/2017,107.0,66.14
13,40,6,7/2/2017,71.0,59.1
13,40,6,8/2/2017,130.0,70.0
13,40,6,9/2/2017,127.0,62.0
13,40,6,10/2/2017,109.0,61.28
13,40,6,11/2/2017,109.0,69.36
13,40,6,12/2/2017,109.0,62.83
13,40,6,13/2/17,78.0,62.9
13,40,6,14/2/17,65.0,62.97
13,40,6,15/2/17,126.0,63.04
13,40,6,16/2/17,122.0,63.11
13,40,6,17/2/17,104.0,63.18
13,40,6,18/2/17,104.0,63.25
13,40,6,19/2/17,94.0,63.32
13,40,6,20/2/17,90.0,63.39
13,40,6,21/2/17,78.0,63.46
13,40,6,22/2/17,145.0,63.53
13,40,6,23/2/17,145.0,63.6
13,40,6,24/2/17,122.0,63.67
13,40,6,25/2/17,122.0,63.74
13,40,6,26/2/17,117.0,63.81
13,40,6,27/2/17,86.0,63.88
13,40,6,28/2/17,79.0,63.95
13,40,6,1/3/2017,120.0,64.02
13,40,6,2/3/2017,113.0,64.09
13,40,6,3/3/2017,88.0,64.16
13,40,6,4/3/2017,88.0,64.23
13,40,6,5/3/2017,88.0,64.3
13,40,6,6/3/2017,101.0,64.37
13,40,6,7/3/2017,84.0,64.44
13,40,6,8/3/2017,142.0,64.51
13,40,6,9/3/2017,138.0,64.58
13,40,6,10/3/2017,122.0,64.65
13,40,6,11/3/2017,122.0,64.72
13,40,6,12/3/2017,122.0,64.79
13,40,6,13/3/17,101.0,64.86
13,40,6,14/3/17,82.0,64.93
13,40,6,15/3/17,128.0,65.0
13,40,6,16/3/17,124.0,65.07
13,40,6,17/3/17,108.0,65.14
13,40,6,18/3/17,108.0,65.21
13,40,6,19/3/17,99.0,65.28
13,40,6,20/3/17,73.0,65.35
13,40,6,21/3/17,54.0,65.42
13,40,6,22/3/17,143.0,65.49
13,40,6,23/3/17,140.0,65.56
13,40,6,24/3/17,119.0,65.63
13,40,6,25/3/17,119.0,65.7
13,40,6,26/3/17,119.0,65.77
13,40,6,27/3/17,112.0,65.84
13,40,6,28/3/17,90.0,65.91
13,40,6,29/3/17,146.0,65.98
13,40,6,30/3/17,141.0,66.05
13,40,6,31/3/17,115.0,66.12
13,40,31,1/1/2017,9.0,66.19
13,40,31,2/1/2017,9.0,66.26
13,40,31,3/1/2017,15.0,66.33
13,40,31,4/1/2017,13.0,66.4
13,40,31,5/1/2017,11.0,66.47
13,40,31,6/1/2017,10.0,66.54
13,40,31,7/1/2017,10.0,66.61
13,40,31,8/1/2017,10.0,66.68
13,40,31,9/1/2017,9.0,66.75
13,40,31,10/1/2017,8.0,66.82
13,40,31,11/1/2017,8.0,66.89
13,40,31,12/1/2017,8.0,66.96
13,40,31,13/1/17,3.0,67.03
13,40,31,14/1/17,3.0,67.1
13,40,31,15/1/17,3.0,67.17
13,40,31,16/1/17,6.0,67.24
13,40,31,17/1/17,6.0,67.31
13,40,31,18/1/17,10.0,67.38
13,40,31,19/1/17,10.0,67.45
13,40,31,20/1/17,4.0,67.52
13,40,31,21/1/17,4.0,67.59
13,40,31,22/1/17,4.0,67.66
13,40,31,23/1/17,2.0,67.72
13,40,31,24/1/17,1.0,67.79
13,40,31,25/1/17,6.0,67.86
13,40,31,26/1/17,3.0,67.93
13,40,31,27/1/17,,68.0
13,40,31,28/1/17,,68.07
13,40,31,29/1/17,,68.14
13,40,31,30/1/17,12.0,68.21
13,40,31,31/1/17,11.0,68.28
13,40,31,1/2/2017,14.0,68.35
13,40,31,2/2/2017,13.0,68.42
13,40,31,3/2/2017,5.0,68.49
13,40,31,4/2/2017,5.0,68.56
13,40,31,5/2/2017,4.0,68.63
13,40,31,6/2/2017,1.0,68.7
13,40,31,7/2/2017,1.0,68.77
13,40,31,8/2/2017,12.0,68.84
13,40,31,9/2/2017,12.0,68.91
13,40,31,10/2/2017,9.0,68.98
13,40,31,11/2/2017,9.0,69.05
13,40,31,12/2/2017,9.0,69.12
13,40,31,13/2/17,10.0,69.19
13,40,31,14/2/17,9.0,69.26
13,40,31,15/2/17,12.0,69.33
13,40,31,16/2/17,12.0,69.4
13,40,31,17/2/17,9.0,69.47
13,40,31,18/2/17,9.0,69.54
13,40,31,19/2/17,7.0,69.61
13,40,31,20/2/17,12.0,69.68
13,40,31,21/2/17,11.0,69.75
13,40,31,22/2/17,15.0,69.82
13,40,31,23/2/17,15.0,69.89
13,40,31,24/2/17,7.0,69.96
13,40,31,25/2/17,7.0,70.03
13,40,31,26/2/17,7.0,70.1
13,40,31,27/2/17,5.0,70.17
13,40,31,28/2/17,4.0,70.24
13,40,31,1/3/2017,14.0,70.31
13,40,31,2/3/2017,14.0,70.38
13,40,31,3/3/2017,9.0,70.45
13,40,31,4/3/2017,9.0,70.52
13,40,31,5/3/2017,9.0,70.59
13,40,31,6/3/2017,12.0,70.66
13,40,31,7/3/2017,11.0,70.73
13,40,31,8/3/2017,22.0,70.8
13,40,31,9/3/2017,22.0,70.87
13,40,31,10/3/2017,20.0,70.94
13,40,31,11/3/2017,20.0,71.01
13,40,31,12/3/2017,20.0,71.08
13,40,31,13/3/17,18.0,71.15
13,40,31,14/3/17,17.0,71.22
13,40,31,15/3/17,16.0,71.29
13,40,31,16/3/17,16.0,71.36
13,40,31,17/3/17,10.0,71.43
13,40,31,18/3/17,10.0,71.5
13,40,31,19/3/17,9.0,71.57
13,40,31,20/3/17,7.0,71.64
13,40,31,21/3/17,6.0,71.71
13,40,31,22/3/17,11.0,71.78
13,40,31,23/3/17,11.0,71.85
13,40,31,24/3/17,8.0,71.92
13,40,31,25/3/17,8.0,71.99
13,40,31,26/3/17,8.0,72.06
13,40,31,27/3/17,6.0,72.13
13,40,31,28/3/17,5.0,72.2
13,40,31,29/3/17,13.0,72.27
13,40,31,30/3/17,11.0,72.34
13,40,31,31/3/17,3.0,72.41
13,40,58,1/1/2017,18.0,72.48
13,40,58,2/1/2017,18.0,72.55
13,40,58,3/1/2017,35.0,72.62
13,40,58,4/1/2017,29.0,72.69
13,40,58,5/1/2017,25.0,72.76
13,40,58,6/1/2017,25.0,72.83
13,40,58,7/1/2017,25.0,72.9
13,40,58,8/1/2017,25.0,72.97
13,40,58,9/1/2017,29.0,73.04
13,40,58,10/1/2017,27.0,73.11
13,40,58,11/1/2017,24.0,73.18
13,40,58,12/1/2017,22.0,73.25
13,40,58,13/1/17,18.0,73.32
13,40,58,14/1/17,18.0,73.39
13,40,58,15/1/17,18.0,73.46
13,40,58,16/1/17,26.0,73.53
13,40,58,17/1/17,19.0,73.6
13,40,58,18/1/17,14.0,73.67
13,40,58,19/1/17,14.0,73.74
13,40,58,20/1/17,11.0,73.81
13,40,58,21/1/17,11.0,73.88
13,40,58,22/1/17,11.0,73.95
13,40,58,23/1/17,19.0,74.02
13,40,58,24/1/17,11.0,74.09
13,40,58,25/1/17,16.0,74.16
13,40,58,26/1/17,16.0,74.23
13,40,58,27/1/17,10.0,74.3
13,40,58,28/1/17,10.0,74.37
13,40,58,29/1/17,10.0,74.44
13,40,58,30/1/17,20.0,74.51
13,40,58,31/1/17,16.0,74.58
13,40,58,1/2/2017,24.0,74.65
13,40,58,2/2/2017,24.0,74.72
13,40,58,3/2/2017,21.0,74.79
13,40,58,4/2/2017,21.0,74.86
13,40,58,5/2/2017,21.0,74.93
13,40,58,6/2/2017,25.0,75.0
13,40,58,7/2/2017,20.0,75.07
13,40,58,8/2/2017,23.0,75.14
13,40,58,9/2/2017,23.0,75.21
13,40,58,10/2/2017,21.0,75.28
13,40,58,11/2/2017,21.0,75.34
13,40,58,12/2/2017,21.0,75.41
13,40,58,13/2/17,21.0,75.48
13,40,58,14/2/17,16.0,75.55
13,40,58,15/2/17,11.0,75.62
13,40,58,16/2/17,11.0,75.69
13,40,58,17/2/17,8.0,75.76
13,40,58,18/2/17,8.0,75.83
13,40,58,19/2/17,8.0,75.9
13,40,58,20/2/17,23.0,75.97
13,40,58,21/2/17,18.0,76.04
13,40,58,22/2/17,17.0,76.11
13,40,58,23/2/17,17.0,76.18
13,40,58,24/2/17,15.0,76.25
13,40,58,25/2/17,15.0,76.32
13,40,58,26/2/17,15.0,76.39
13,40,58,27/2/17,24.0,76.46
13,40,58,28/2/17,22.0,76.53
13,40,58,1/3/2017,20.0,76.6
13,40,58,2/3/2017,20.0,76.67
13,40,58,3/3/2017,21.0,76.74
13,40,58,4/3/2017,21.0,76.81
13,40,58,5/3/2017,21.0,76.88
13,40,58,6/3/2017,22.0,76.95
13,40,58,7/3/2017,14.0,77.02
13,40,58,8/3/2017,22.0,77.09
13,40,58,9/3/2017,22.0,77.16
13,40,58,10/3/2017,20.0,77.23
13,40,58,11/3/2017,20.0,77.3
13,40,58,12/3/2017,20.0,77.37
13,40,58,13/3/17,19.0,77.44
13,40,58,14/3/17,15.0,77.51
13,40,58,15/3/17,18.0,77.58
13,40,58,16/3/17,18.0,77.65
13,40,58,17/3/17,18.0,77.72
13,40,58,18/3/17,18.0,77.79
13,40,58,19/3/17,18.0,77.86
13,40,58,20/3/17,19.0,77.93
13,40,58,21/3/17,14.0,78.0
13,40,58,22/3/17,13.0,78.07
13,40,58,23/3/17,13.0,78.14
13,40,58,24/3/17,10.0,78.21
13,40,58,25/3/17,10.0,78.28
13,40,58,26/3/17,10.0,78.35
13,40,58,27/3/17,15.0,78.42
13,40,58,28/3/17,11.0,78.49
13,40,58,29/3/17,9.0,78.56
13,40,58,30/3/17,10.0,78.63
13,40,58,31/3/17,10.0,78.7
13,41,11,1/1/2017,16.0,78.77
13,41,11,2/1/2017,16.0,78.84
13,41,11,3/1/2017,15.0,78.91
13,41,11,4/1/2017,10.0,78.98
13,41,11,5/1/2017,23.0,79.05
13,41,11,6/1/2017,16.0,79.12
13,41,11,7/1/2017,16.0,79.19
13,41,11,8/1/2017,16.0,79.26
13,41,11,9/1/2017,15.0,79.33
13,41,11,10/1/2017,18.0,79.4
13,41,11,11/1/2017,17.0,79.47
13,41,11,12/1/2017,17.0,79.54
13,41,11,13/1/17,14.0,79.61
13,41,11,14/1/17,14.0,79.68
13,41,11,15/1/17,13.0,79.75
13,41,11,16/1/17,12.0,79.82
13,41,11,17/1/17,10.0,79.89
13,41,11,18/1/17,15.0,79.96
13,41,11,19/1/17,32.0,80.03
13,41,11,20/1/17,29.0,80.1
13,41,11,21/1/17,29.0,80.17
13,41,11,22/1/17,29.0,80.24
13,41,11,23/1/17,29.0,80.31
13,41,11,24/1/17,24.0,80.38
13,41,11,25/1/17,24.0,80.45
13,41,11,26/1/17,39.0,80.52
13,41,11,27/1/17,37.0,80.59
13,41,11,28/1/17,37.0,80.66
13,41,11,29/1/17,37.0,80.73
13,41,11,30/1/17,34.0,80.8
13,41,11,31/1/17,30.0,80.87
13,41,11,1/2/2017,25.0,80.94
13,41,11,2/2/2017,24.0,81.01
13,41,11,3/2/2017,22.0,81.08
13,41,11,4/2/2017,22.0,81.15
13,41,11,5/2/2017,22.0,81.22
13,41,11,6/2/2017,21.0,81.29
13,41,11,7/2/2017,16.0,81.36
13,41,11,8/2/2017,16.0,81.43
13,41,11,9/2/2017,31.0,81.5
13,41,11,10/2/2017,29.0,81.57
13,41,11,11/2/2017,29.0,81.64
13,41,11,12/2/2017,28.0,81.71
13,41,11,13/2/17,27.0,81.78
13,41,11,14/2/17,24.0,81.85
13,41,11,15/2/17,18.0,81.92
13,41,11,16/2/17,35.0,81.99
13,41,11,17/2/17,34.0,82.06
13,41,11,18/2/17,34.0,82.13
13,41,11,19/2/17,34.0,82.2
13,41,11,20/2/17,33.0,82.27
13,41,11,21/2/17,25.0,82.34
13,41,11,22/2/17,25.0,82.41
13,41,11,23/2/17,43.0,82.48
13,41,11,24/2/17,46.0,82.55
13,41,11,25/2/17,46.0,82.62
13,41,11,26/2/17,46.0,82.69
13,41,11,27/2/17,43.0,82.76
13,41,11,28/2/17,37.0,82.83
13,41,11,1/3/2017,34.0,82.9
13,41,11,2/3/2017,30.0,82.97
13,41,11,3/3/2017,26.0,83.03
13,41,11,4/3/2017,26.0,83.1
13,41,11,5/3/2017,26.0,83.17
13,41,11,6/3/2017,25.0,83.24
13,41,11,7/3/2017,20.0,83.31
13,41,11,8/3/2017,20.0,83.38
13,41,11,9/3/2017,19.0,83.45
13,41,11,10/3/2017,16.0,83.52
13,41,11,11/3/2017,16.0,83.59
13,41,11,12/3/2017,16.0,83.66
13,41,11,13/3/17,16.0,83.73
13,41,11,14/3/17,9.0,83.8
13,41,11,15/3/17,15.0,83.87
13,41,11,16/3/17,18.0,83.94
13,41,11,17/3/17,15.0,84.01
13,41,11,18/3/17,15.0,84.08
13,41,11,19/3/17,14.0,84.15
13,41,11,20/3/17,14.0,84.22
13,41,11,21/3/17,9.0,84.29
13,41,11,22/3/17,9.0,84.36
13,41,11,23/3/17,21.0,84.43
13,41,11,24/3/17,18.0,84.5
13,41,11,25/3/17,18.0,84.57
13,41,11,26/3/17,18.0,84.64
13,41,11,27/3/17,16.0,84.71
13,41,11,28/3/17,14.0,84.78
13,41,11,29/3/17,10.0,84.85
13,41,11,30/3/17,17.0,84.92
13,41,11,31/3/17,14.0,84.99
13,42,11,1/1/2017,19.0,85.06
13,42,11,2/1/2017,16.0,85.13
13,42,11,3/1/2017,16.0,85.2
13,42,11,4/1/2017,14.0,85.27
13,42,11,5/1/2017,11.0,85.34
13,42,11,6/1/2017,17.0,85.41
13,42,11,7/1/2017,17.0,85.48
13,42,11,8/1/2017,17.0,85.55
13,42,11,9/1/2017,23.0,85.62
13,42,11,10/1/2017,23.0,85.69
13,42,11,11/1/2017,23.0,85.76
13,42,11,12/1/2017,23.0,85.83
13,42,11,13/1/17,23.0,85.9
13,42,11,14/1/17,23.0,85.97
13,42,11,15/1/17,23.0,86.04
13,42,11,16/1/17,23.0,86.11
13,42,11,17/1/17,20.0,86.18
13,42,11,18/1/17,21.0,86.25
13,42,11,19/1/17,20.0,86.32
13,42,11,20/1/17,20.0,86.39
13,42,11,21/1/17,20.0,86.46
13,42,11,22/1/17,20.0,86.53
13,42,11,23/1/17,21.0,86.6
13,42,11,24/1/17,21.0,86.67
13,42,11,25/1/17,21.0,86.74
13,42,11,26/1/17,19.0,86.81
13,42,11,27/1/17,19.0,86.88
13,42,11,28/1/17,19.0,86.95
13,42,11,29/1/17,18.0,87.02
13,42,11,30/1/17,17.0,87.09
13,42,11,31/1/17,18.0,87.16
13,42,11,1/2/2017,18.0,87.23
13,42,11,2/2/2017,17.0,87.3
13,42,11,3/2/2017,17.0,87.37
13,42,11,4/2/2017,17.0,87.44
13,42,11,5/2/2017,17.0,87.51
13,42,11,6/2/2017,23.0,87.58
13,42,11,7/2/2017,23.0,87.65
13,42,11,8/2/2017,19.0,87.72
13,42,11,9/2/2017,17.0,87.79
13,42,11,10/2/2017,17.0,87.86
13,42,11,11/2/2017,17.0,87.93
13,42,11,12/2/2017,17.0,88.0
13,42,11,13/2/17,17.0,88.07
13,42,11,14/2/17,17.0,88.14
13,42,11,15/2/17,16.0,88.21
13,42,11,16/2/17,15.0,88.28
13,42,11,17/2/17,15.0,88.35
13,42,11,18/2/17,15.0,88.42
13,42,11,19/2/17,15.0,88.49
13,42,11,20/2/17,21.0,88.56
13,42,11,21/2/17,19.0,88.63
13,42,11,22/2/17,19.0,88.7
13,42,11,23/2/17,19.0,88.77
13,42,11,24/2/17,18.0,88.84
13,42,11,25/2/17,18.0,88.91
13,42,11,26/2/17,17.0,88.98
13,42,11,27/2/17,19.0,89.05
13,42,11,28/2/17,17.0,89.12
13,42,11,1/3/2017,15.0,89.19
13,42,11,2/3/2017,11.0,89.26
13,42,11,3/3/2017,11.0,89.33
13,42,11,4/3/2017,11.0,89.4
13,42,11,5/3/2017,11.0,89.47
13,42,11,6/3/2017,26.0,89.54
13,42,11,7/3/2017,23.0,89.61
13,42,11,8/3/2017,23.0,89.68
13,42,11,9/3/2017,17.0,89.75
13,42,11,10/3/2017,15.0,89.82
13,42,11,11/3/2017,15.0,89.89
13,42,11,12/3/2017,15.0,89.96
13,42,11,13/3/17,15.0,90.03
13,42,11,14/3/17,28.0,90.1
13,42,11,15/3/17,24.0,90.17
13,42,11,16/3/17,20.0,90.24
13,42,11,17/3/17,20.0,90.31
13,42,11,18/3/17,20.0,90.38
13,42,11,19/3/17,20.0,90.45
13,42,11,20/3/17,25.0,90.52
13,42,11,21/3/17,24.0,90.59
13,42,11,22/3/17,22.0,90.66
13,42,11,23/3/17,22.0,90.72
13,42,11,24/3/17,20.0,90.79
13,42,11,25/3/17,20.0,90.86
13,42,11,26/3/17,17.0,90.93
13,42,11,27/3/17,23.0,91.0
13,42,11,28/3/17,20.0,91.07
13,42,11,29/3/17,19.0,91.14
13,42,11,30/3/17,31.0,91.21
13,42,11,31/3/17,31.0,91.28
13,44,6,1/1/2017,4.0,91.35
13,44,6,2/1/2017,4.0,91.42
13,44,6,3/1/2017,4.0,91.49
13,44,6,4/1/2017,4.0,91.56
13,44,6,5/1/2017,4.0,91.63
13,44,6,6/1/2017,4.0,91.7
13,44,6,7/1/2017,4.0,91.77
13,44,6,8/1/2017,4.0,91.84
13,44,6,9/1/2017,4.0,91.91
13,44,6,10/1/2017,4.0,91.98
13,44,6,11/1/2017,4.0,92.05
13,44,6,12/1/2017,4.0,92.12
13,44,6,13/1/17,4.0,92.19
13,44,6,14/1/17,4.0,92.26
13,44,6,15/1/17,4.0,92.33
13,44,6,16/1/17,4.0,92.4
13,44,6,17/1/17,4.0,92.47
13,44,6,18/1/17,4.0,92.54
13,44,6,19/1/17,4.0,92.61
13,44,6,20/1/17,4.0,92.68
13,44,6,21/1/17,4.0,92.75
13,44,6,22/1/17,4.0,92.82
13,44,6,23/1/17,4.0,92.89
13,44,6,24/1/17,6.0,92.96
13,44,6,25/1/17,6.0,93.03
13,44,6,26/1/17,4.0,93.1
13,44,6,27/1/17,4.0,93.17
13,44,6,28/1/17,4.0,93.24
13,44,6,29/1/17,4.0,93.31
13,44,6,30/1/17,4.0,93.38
13,44,6,31/1/17,4.0,93.45
13,44,6,1/2/2017,4.0,93.52
13,44,6,2/2/2017,4.0,93.59
13,44,6,3/2/2017,4.0,93.66
13,44,6,4/2/2017,4.0,93.73
13,44,6,5/2/2017,4.0,93.8
13,44,6,6/2/2017,4.0,93.87
13,44,6,7/2/2017,4.0,93.94
13,44,6,8/2/2017,4.0,94.01
13,44,6,9/2/2017,4.0,94.08
13,44,6,10/2/2017,4.0,94.15
13,44,6,11/2/2017,4.0,94.22
13,44,6,12/2/2017,4.0,94.29
13,44,6,13/2/17,4.0,94.36
13,44,6,14/2/17,4.0,94.43
13,44,6,15/2/17,4.0,94.5
13,44,6,16/2/17,4.0,94.57
13,44,6,17/2/17,4.0,94.64
13,44,6,18/2/17,4.0,94.71
13,44,6,19/2/17,4.0,94.78
13,44,6,20/2/17,4.0,94.85
13,44,6,21/2/17,4.0,94.92
13,44,6,22/2/17,4.0,94.99
13,44,6,23/2/17,62.0,95.06
13,44,6,24/2/17,37.0,95.13
13,44,6,25/2/17,37.0,95.2
13,44,6,26/2/17,34.0,95.27
13,44,6,27/2/17,5.0,95.34
13,44,6,28/2/17,5.0,95.41
13,44,6,1/3/2017,4.0,95.48
13,44,6,2/3/2017,4.0,95.55
13,44,6,3/3/2017,4.0,95.62
13,44,6,4/3/2017,4.0,95.69
13,44,6,5/3/2017,4.0,95.76
13,44,6,6/3/2017,4.0,95.83
13,44,6,7/3/2017,4.0,95.9
13,44,6,8/3/2017,4.0,95.97
13,44,6,9/3/2017,4.0,96.04
13,44,6,10/3/2017,4.0,96.11
13,44,6,11/3/2017,4.0,96.18
13,44,6,12/3/2017,4.0,96.25
13,44,6,13/3/17,4.0,96.32
13,44,6,14/3/17,4.0,96.39
13,44,6,15/3/17,4.0,96.46
13,44,6,16/3/17,4.0,96.53
13,44,6,17/3/17,4.0,96.6
13,44,6,18/3/17,4.0,96.67
13,44,6,19/3/17,4.0,96.74
13,44,6,20/3/17,4.0,96.81
13,44,6,21/3/17,4.0,96.88
13,44,6,22/3/17,4.0,96.95
13,44,6,23/3/17,4.0,97.02
13,44,6,24/3/17,4.0,97.09
13,44,6,25/3/17,4.0,97.16
13,44,6,26/3/17,4.0,97.23
13,44,6,27/3/17,4.0,97.3
13,44,6,28/3/17,4.0,97.37
13,44,6,29/3/17,4.0,97.44
13,44,6,30/3/17,4.0,97.51
13,44,6,31/3/17,5.0,97.58
13,44,31,1/1/2017,1.0,97.65
13,44,31,2/1/2017,1.0,97.72
13,44,31,3/1/2017,1.0,97.79
13,44,31,4/1/2017,1.0,97.86
13,44,31,5/1/2017,1.0,97.93
13,44,31,6/1/2017,1.0,98.0
13,44,31,7/1/2017,1.0,98.07
13,44,31,8/1/2017,1.0,98.14
13,44,31,9/1/2017,1.0,98.21
13,44,31,10/1/2017,1.0,98.28
13,44,31,11/1/2017,1.0,98.35
13,44,31,12/1/2017,1.0,98.42
13,44,31,13/1/17,1.0,98.48
13,44,31,14/1/17,1.0,98.55
13,44,31,15/1/17,1.0,98.62
13,44,31,16/1/17,1.0,98.69
13,44,31,17/1/17,1.0,98.76
13,44,31,18/1/17,1.0,98.83
13,44,31,19/1/17,1.0,98.9
13,44,31,20/1/17,1.0,98.97
13,44,31,21/1/17,1.0,99.04
13,44,31,22/1/17,1.0,99.11
13,44,31,23/1/17,1.0,99.18
13,44,31,24/1/17,1.0,99.25
13,44,31,25/1/17,1.0,99.32
13,44,31,26/1/17,1.0,99.39
13,44,31,27/1/17,1.0,99.46
13,44,31,28/1/17,1.0,99.53
13,44,31,29/1/17,1.0,99.6
13,44,31,30/1/17,1.0,99.67
13,44,31,31/1/17,1.0,99.74
13,44,31,1/2/2017,1.0,99.81
13,44,31,2/2/2017,1.0,99.88
13,44,31,3/2/2017,1.0,99.95
13,44,31,4/2/2017,1.0,100.02
13,44,31,5/2/2017,1.0,100.09
13,44,31,6/2/2017,1.0,100.16
13,44,31,7/2/2017,1.0,100.23
13,44,31,8/2/2017,1.0,100.3
13,44,31,9/2/2017,1.0,100.37
13,44,31,10/2/2017,1.0,100.44
13,44,31,11/2/2017,1.0,100.51
13,44,31,12/2/2017,1.0,100.58
13,44,31,13/2/17,1.0,100.65
13,44,31,14/2/17,1.0,100.72
13,44,31,15/2/17,1.0,100.79
13,44,31,16/2/17,1.0,100.86
13,44,31,17/2/17,1.0,100.93
13,44,31,18/2/17,1.0,101.0
13,44,31,19/2/17,1.0,101.07
13,44,31,20/2/17,1.0,101.14
13,44,31,21/2/17,1.0,101.21
13,44,31,22/2/17,1.0,101.28
13,44,31,23/2/17,1.0,101.35
13,44,31,24/2/17,1.0,101.42
13,44,31,25/2/17,1.0,101.49
13,44,31,26/2/17,1.0,101.56
13,44,31,27/2/17,1.0,101.63
13,44,31,28/2/17,1.0,101.7
13,44,31,1/3/2017,1.0,101.77
13,44,31,2/3/2017,1.0,101.84
13,44,31,3/3/2017,1.0,101.91
13,44,31,4/3/2017,1.0,101.98
13,44,31,5/3/2017,1.0,102.05
13,44,31,6/3/2017,1.0,102.12
13,44,31,7/3/2017,1.0,102.19
13,44,31,8/3/2017,1.0,102.26
13,44,31,9/3/2017,1.0,102.33
13,44,31,10/3/2017,1.0,102.4
13,44,31,11/3/2017,1.0,102.47
13,44,31,12/3/2017,1.0,102.54
13,44,31,13/3/17,1.0,102.61
13,44,31,14/3/17,1.0,102.68
13,44,31,15/3/17,1.0,102.75
13,44,31,16/3/17,1.0,102.82
13,44,31,17/3/17,1.0,102.89
13,44,31,18/3/17,1.0,102.96
13,44,31,19/3/17,1.0,103.03
13,44,31,20/3/17,1.0,103.1
13,44,31,21/3/17,1.0,103.17
13,44,31,22/3/17,1.0,103.24
13,44,31,23/3/17,1.0,103.31
13,44,31,24/3/17,1.0,103.38
13,44,31,25/3/17,1.0,103.45
13,44,31,26/3/17,1.0,103.52
13,44,31,27/3/17,1.0,103.59
13,44,31,28/3/17,1.0,103.66
13,44,31,29/3/17,1.0,103.73
13,44,31,30/3/17,1.0,103.8
13,44,31,31/3/17,1.0,103.87
13,47,11,1/1/2017,8.0,103.94
13,47,11,2/1/2017,8.0,104.01
13,47,11,3/1/2017,8.0,104.08
13,47,11,4/1/2017,8.0,104.15
13,47,11,5/1/2017,7.0,104.22
13,47,11,6/1/2017,7.0,104.29
13,47,11,7/1/2017,7.0,104.36
13,47,11,8/1/2017,7.0,104.43
13,47,11,9/1/2017,7.0,104.5
13,47,11,10/1/2017,8.0,104.57
13,47,11,11/1/2017,8.0,104.64
13,47,11,12/1/2017,8.0,104.71
13,47,11,13/1/17,8.0,104.78
13,47,11,14/1/17,10.0,104.85
13,47,11,15/1/17,10.0,104.92
13,47,11,16/1/17,10.0,104.99
13,47,11,17/1/17,9.0,105.06
13,47,11,18/1/17,9.0,105.13
13,47,11,19/1/17,9.0,105.2
13,47,11,20/1/17,9.0,105.27
13,47,11,21/1/17,9.0,105.34
13,47,11,22/1/17,9.0,105.41
13,47,11,23/1/17,9.0,105.48
13,47,11,24/1/17,9.0,105.55
13,47,11,25/1/17,9.0,105.62
13,47,11,26/1/17,9.0,105.69
13,47,11,27/1/17,9.0,105.76
13,47,11,28/1/17,9.0,105.83
13,47,11,29/1/17,11.0,105.9
13,47,11,30/1/17,11.0,105.97
13,47,11,31/1/17,11.0,106.04
13,47,11,1/2/2017,11.0,106.11
13,47,11,2/2/2017,11.0,106.17
13,47,11,3/2/2017,11.0,106.24
13,47,11,4/2/2017,11.0,106.31
13,47,11,5/2/2017,11.0,106.38
13,47,11,6/2/2017,11.0,106.45
13,47,11,7/2/2017,2.0,106.52
13,47,11,8/2/2017,1.0,106.59
13,47,11,9/2/2017,3.0,106.66
13,47,11,10/2/2017,3.0,106.73
13,47,11,11/2/2017,3.0,106.8
13,47,11,12/2/2017,2.0,106.87
13,47,11,13/2/17,2.0,106.94
13,47,11,14/2/17,2.0,107.01
13,47,11,15/2/17,2.0,107.08
13,47,11,16/2/17,2.0,107.15
13,47,11,17/2/17,3.0,107.22
13,47,11,18/2/17,3.0,107.29
13,47,11,19/2/17,4.0,107.36
13,47,11,20/2/17,2.0,107.43
13,47,11,21/2/17,7.0,107.5
13,47,11,22/2/17,6.0,107.57
13,47,11,23/2/17,5.0,107.64
13,47,11,24/2/17,5.0,107.71
13,47,11,25/2/17,5.0,107.78
13,47,11,26/2/17,4.0,107.85
13,47,11,27/2/17,6.0,107.92
13,47,11,28/2/17,1.0,107.99
13,47,11,1/3/2017,2.0,108.06
13,47,11,2/3/2017,8.0,108.13
13,47,11,3/3/2017,5.0,108.2
13,47,11,4/3/2017,5.0,108.27
13,47,11,5/3/2017,5.0,108.34
13,47,11,6/3/2017,10.0,108.41
13,47,11,7/3/2017,7.0,108.48
13,47,11,8/3/2017,5.0,108.55
13,47,11,9/3/2017,1.0,108.62
13,47,11,10/3/2017,1.0,108.69
13,47,11,11/3/2017,1.0,108.76
13,47,11,12/3/2017,1.0,108.83
13,47,11,13/3/17,1.0,108.9
13,47,11,14/3/17,1.0,108.97
13,47,11,15/3/17,1.0,109.04
13,47,11,16/3/17,,109.11
13,47,11,17/3/17,1.0,109.18
13,47,11,18/3/17,1.0,109.25
13,47,11,19/3/17,1.0,109.32
13,47,11,20/3/17,1.0,109.39
13,47,11,21/3/17,13.0,109.46
13,47,11,22/3/17,12.0,109.53
13,47,11,23/3/17,11.0,109.6
13,47,11,24/3/17,14.0,109.67
13,47,11,25/3/17,14.0,109.74
13,47,11,26/3/17,14.0,109.81
13,47,11,27/3/17,12.0,109.88
13,47,11,28/3/17,7.0,109.95
13,47,11,29/3/17,4.0,110.02
13,47,11,30/3/17,1.0,110.09
34,40,6,22/2/17,1.0,110.16
34,40,6,23/2/17,1.0,110.23
34,40,6,24/2/17,1.0,110.3
34,40,6,25/2/17,1.0,110.37
34,40,6,26/2/17,1.0,110.44
34,40,6,27/2/17,1.0,110.51
34,40,6,28/2/17,1.0,110.58
34,42,6,1/1/2017,4.0,110.65
34,42,6,2/1/2017,4.0,110.72
34,42,6,3/1/2017,4.0,110.79
34,42,6,4/1/2017,4.0,110.86
34,42,6,5/1/2017,4.0,110.93
34,42,6,6/1/2017,9.0,111.0
34,42,6,7/1/2017,9.0,111.07
34,42,6,8/1/2017,9.0,111.14
34,42,6,9/1/2017,8.0,111.21
34,42,6,10/1/2017,8.0,111.28
34,42,6,11/1/2017,8.0,111.35
34,42,6,12/1/2017,8.0,111.42
34,42,6,13/1/17,8.0,111.49
34,42,6,14/1/17,8.0,111.56
34,42,6,15/1/17,8.0,111.63
34,42,6,16/1/17,7.0,111.7
34,42,6,17/1/17,7.0,111.77
34,42,6,18/1/17,7.0,111.84
34,42,6,19/1/17,7.0,111.91
34,42,6,20/1/17,6.0,111.98
34,42,6,21/1/17,6.0,112.05
34,42,6,22/1/17,6.0,112.12
34,42,6,23/1/17,5.0,112.19
34,42,6,24/1/17,5.0,112.26
34,42,6,25/1/17,5.0,112.33
34,42,6,26/1/17,5.0,112.4
34,42,6,27/1/17,5.0,112.47
34,42,6,28/1/17,5.0,112.54
34,42,6,29/1/17,5.0,112.61
34,42,6,30/1/17,4.0,112.68
34,42,6,31/1/17,4.0,112.75
34,42,6,1/2/2017,4.0,112.82
34,42,6,2/2/2017,1.0,112.89
34,42,6,3/2/2017,,112.96
34,42,6,4/2/2017,,113.03
34,42,6,5/2/2017,,113.1
34,42,6,6/2/2017,,113.17
34,42,6,7/2/2017,6.0,113.24
34,42,6,8/2/2017,6.0,113.31
34,42,6,9/2/2017,5.0,113.38
34,42,6,10/2/2017,5.0,113.45
34,42,6,11/2/2017,5.0,113.52
34,42,6,12/2/2017,5.0,113.59
34,42,6,13/2/17,4.0,113.66
34,42,6,14/2/17,4.0,113.73
34,42,6,15/2/17,10.0,113.8
34,42,6,16/2/17,8.0,113.86
34,42,6,17/2/17,7.0,113.93
34,42,6,18/2/17,7.0,114.0
34,42,6,19/2/17,7.0,114.07
34,42,6,20/2/17,7.0,114.14
34,42,6,21/2/17,7.0,114.21
34,42,6,22/2/17,7.0,114.28
34,42,6,23/2/17,6.0,114.35
34,42,6,24/2/17,6.0,114.42
34,42,6,25/2/17,6.0,114.49
34,42,6,26/2/17,6.0,114.56
34,42,6,27/2/17,4.0,114.63
34,42,6,28/2/17,4.0,114.7
34,42,6,1/3/2017,8.0,114.77
34,42,6,2/3/2017,7.0,114.84
34,42,6,3/3/2017,6.0,114.91
34,42,6,4/3/2017,6.0,114.98
34,42,6,5/3/2017,6.0,115.05
34,42,6,6/3/2017,5.0,115.12
34,42,6,7/3/2017,4.0,115.19
34,42,6,8/3/2017,4.0,115.26
34,42,6,9/3/2017,4.0,115.33
34,42,6,10/3/2017,4.0,115.4
34,42,6,11/3/2017,4.0,115.47
34,42,6,12/3/2017,3.0,115.54
34,42,6,13/3/17,7.0,115.61
34,42,6,14/3/17,7.0,115.68
34,42,6,15/3/17,7.0,115.75
34,42,6,16/3/17,6.0,115.82
34,42,6,17/3/17,4.0,115.89
34,42,6,18/3/17,4.0,115.96
34,42,6,19/3/17,4.0,116.03
34,42,6,20/3/17,3.0,116.1
34,42,6,21/3/17,3.0,116.17
34,42,6,22/3/17,9.0,116.24
34,42,6,23/3/17,9.0,116.31
34,42,6,24/3/17,8.0,116.38
34,42,6,25/3/17,8.0,116.45
34,42,6,26/3/17,8.0,116.52
34,42,6,27/3/17,6.0,116.59
34,42,6,28/3/17,6.0,116.66
34,42,6,29/3/17,12.0,116.73
34,42,6,30/3/17,10.0,116.8
34,42,6,31/3/17,10.0,116.87
34,42,31,1/1/2017,3.0,116.94
34,42,31,2/1/2017,3.0,117.01
34,42,31,3/1/2017,,117.08
34,42,31,4/1/2017,,117.15
34,42,31,5/1/2017,18.0,117.22
34,42,31,6/1/2017,13.0,117.29
34,42,31,7/1/2017,11.0,117.36
34,42,31,8/1/2017,10.0,117.43
34,42,31,9/1/2017,5.0,117.5
34,42,31,10/1/2017,4.0,117.57
34,42,31,11/1/2017,20.0,117.64
34,42,31,12/1/2017,19.0,117.71
34,42,31,13/1/17,14.0,117.78
34,42,31,14/1/17,14.0,117.85
34,42,31,15/1/17,13.0,117.92
34,42,31,16/1/17,12.0,117.99
34,42,31,17/1/17,6.0,118.06
34,42,31,18/1/17,24.0,118.13
34,42,31,19/1/17,24.0,118.2
34,42,31,20/1/17,13.0,118.27
34,42,31,21/1/17,13.0,118.34
34,42,31,22/1/17,13.0,118.41
34,42,31,23/1/17,6.0,118.48
34,42,31,24/1/17,5.0,118.55
34,42,31,25/1/17,23.0,118.62
34,42,31,26/1/17,21.0,118.69
34,42,31,27/1/17,12.0,118.76
34,42,31,28/1/17,12.0,118.83
34,42,31,29/1/17,12.0,118.9
34,42,31,30/1/17,8.0,118.97
34,42,31,31/1/17,5.0,119.04
34,42,31,1/2/2017,33.0,119.11
34,42,31,2/2/2017,32.0,119.18
34,42,31,3/2/2017,25.0,119.25
34,42,31,4/2/2017,25.0,119.32
34,42,31,5/2/2017,25.0,119.39
34,42,31,6/2/2017,19.0,119.46
34,42,31,7/2/2017,29.0,119.53
34,42,31,8/2/2017,27.0,119.6
34,42,31,9/2/2017,24.0,119.67
34,42,31,10/2/2017,17.0,119.74
34,42,31,11/2/2017,17.0,119.81
34,42,31,12/2/2017,17.0,119.88
34,42,31,13/2/17,9.0,119.95
34,42,31,14/2/17,7.0,120.02
34,42,31,15/2/17,30.0,120.09
34,42,31,16/2/17,25.0,120.16
34,42,31,17/2/17,19.0,120.23
34,42,31,18/2/17,19.0,120.3
34,42,31,19/2/17,18.0,120.37
34,42,31,20/2/17,14.0,120.44
34,42,31,21/2/17,14.0,120.51
34,42,31,22/2/17,39.0,120.58
34,42,31,23/2/17,36.0,120.65
34,42,31,24/2/17,28.0,120.72
34,42,31,25/2/17,28.0,120.79
34,42,31,26/2/17,28.0,120.86
34,42,31,27/2/17,25.0,120.93
34,42,31,28/2/17,22.0,121.0
34,42,31,1/3/2017,28.0,121.07
34,42,31,2/3/2017,28.0,121.14
34,42,31,3/3/2017,20.0,121.21
34,42,31,4/3/2017,20.0,121.28
34,42,31,5/3/2017,18.0,121.35
34,42,31,6/3/2017,15.0,121.42
34,42,31,7/3/2017,12.0,121.48
34,42,31,8/3/2017,10.0,121.55
34,42,31,9/3/2017,10.0,121.62
34,42,31,10/3/2017,4.0,121.69
34,42,31,11/3/2017,4.0,121.76
34,42,31,12/3/2017,4.0,121.83
34,42,31,13/3/17,23.0,121.9
34,42,31,14/3/17,21.0,121.97
34,42,31,15/3/17,27.0,122.04
34,42,31,16/3/17,14.0,122.11
34,42,31,17/3/17,19.0,122.18
34,42,31,18/3/17,19.0,122.25
34,42,31,19/3/17,19.0,122.32
34,42,31,20/3/17,11.0,122.39
34,42,31,21/3/17,10.0,122.46
34,42,31,22/3/17,29.0,122.53
34,42,31,23/3/17,28.0,122.6
34,42,31,24/3/17,20.0,122.67
34,42,31,25/3/17,20.0,122.74
34,42,31,26/3/17,19.0,122.81
34,42,31,27/3/17,18.0,122.88
34,42,31,28/3/17,17.0,122.95
34,42,31,29/3/17,28.0,123.02
34,42,31,30/3/17,25.0,123.09
34,42,31,31/3/17,20.0,123.16
34,44,6,1/1/2017,21.0,123.23
34,44,6,2/1/2017,14.0,123.3
34,44,6,3/1/2017,11.0,123.37
34,44,6,4/1/2017,11.0,123.44
34,44,6,5/1/2017,11.0,123.51
34,44,6,6/1/2017,13.0,123.58
34,44,6,7/1/2017,12.0,123.65
34,44,6,8/1/2017,10.0,123.72
34,44,6,9/1/2017,1.0,123.79
34,44,6,10/1/2017,,123.86
34,44,6,11/1/2017,12.0,123.93
34,44,6,12/1/2017,11.0,124.0
34,44,6,13/1/17,15.0,124.07
34,44,6,14/1/17,15.0,124.14
34,44,6,15/1/17,9.0,124.21
34,44,6,16/1/17,9.0,124.28
34,44,6,17/1/17,6.0,124.35
34,44,6,18/1/17,21.0,124.42
34,44,6,19/1/17,20.0,124.49
34,44,6,20/1/17,20.0,124.56
34,44,6,21/1/17,20.0,124.63
34,44,6,22/1/17,13.0,124.7
34,44,6,23/1/17,10.0,124.77
34,44,6,24/1/17,5.0,124.84
34,44,6,25/1/17,21.0,124.91
34,44,6,26/1/17,20.0,124.98
34,44,6,27/1/17,20.0,125.05
34,44,6,28/1/17,20.0,125.12
34,44,6,29/1/17,13.0,125.19
34,44,6,30/1/17,12.0,125.26
34,44,6,31/1/17,8.0,125.33
34,44,6,1/2/2017,25.0,125.4
34,44,6,2/2/2017,22.0,125.47
34,44,6,3/2/2017,25.0,125.54
34,44,6,4/2/2017,25.0,125.61
34,44,6,5/2/2017,21.0,125.68
34,44,6,6/2/2017,18.0,125.75
34,44,6,7/2/2017,16.0,125.82
34,44,6,8/2/2017,33.0,125.89
34,44,6,9/2/2017,30.0,125.96
34,44,6,10/2/2017,29.0,126.03
34,44,6,11/2/2017,29.0,126.1
34,44,6,12/2/2017,25.0,126.17
34,44,6,13/2/17,23.0,126.24
34,44,6,14/2/17,22.0,126.31
34,44,6,15/2/17,28.0,126.38
34,44,6,16/2/17,24.0,126.45
34,44,6,17/2/17,24.0,126.52
34,44,6,18/2/17,24.0,126.59
34,44,6,19/2/17,16.0,126.66
34,44,6,20/2/17,5.0,126.73
34,44,6,21/2/17,2.0,126.8
34,44,6,22/2/17,60.0,126.87
34,44,6,23/2/17,60.0,126.94
34,44,6,24/2/17,71.0,127.01
34,44,6,25/2/17,71.0,127.08
34,44,6,26/2/17,65.0,127.15
34,44,6,27/2/17,51.0,127.22
34,44,6,28/2/17,35.0,127.29
34,44,6,1/3/2017,35.0,127.36
34,44,6,2/3/2017,21.0,127.43
34,44,6,3/3/2017,21.0,127.5
34,44,6,4/3/2017,21.0,127.57
34,44,6,5/3/2017,8.0,127.64
34,44,6,6/3/2017,6.0,127.71
34,44,6,7/3/2017,1.0,127.78
34,44,6,8/3/2017,25.0,127.85
34,44,6,9/3/2017,25.0,127.92
34,44,6,10/3/2017,25.0,127.99
34,44,6,11/3/2017,25.0,128.06
34,44,6,12/3/2017,19.0,128.13
34,44,6,13/3/17,15.0,128.2
34,44,6,14/3/17,14.0,128.27
34,44,6,15/3/17,19.0,128.34
34,44,6,16/3/17,18.0,128.41
34,44,6,17/3/17,17.0,128.48
34,44,6,18/3/17,17.0,128.55
34,44,6,19/3/17,11.0,128.62
34,44,6,20/3/17,2.0,128.69
34,44,6,21/3/17,,128.76
34,44,6,22/3/17,18.0,128.83
34,44,6,23/3/17,19.0,128.9
34,44,6,24/3/17,25.0,128.97
34,44,6,25/3/17,25.0,129.04
34,44,6,26/3/17,14.0,129.11
34,44,6,27/3/17,12.0,129.18
34,44,6,28/3/17,5.0,129.24
34,44,6,29/3/17,22.0,129.31
34,44,6,30/3/17,19.0,129.38
34,44,6,31/3/17,34.0,129.45
34,44,31,7/3/2017,2.0,129.52
34,45,19,1/1/2017,7.0,129.59
34,45,19,2/1/2017,7.0,129.66
34,45,19,3/1/2017,6.0,129.73
34,45,19,4/1/2017,6.0,129.8
34,45,19,5/1/2017,5.0,129.87
34,45,19,6/1/2017,5.0,129.94
34,45,19,7/1/2017,5.0,130.01
34,45,19,8/1/2017,5.0,130.08
34,45,19,9/1/2017,5.0,130.15
34,45,19,10/1/2017,4.0,130.22
34,45,19,11/1/2017,2.0,130.29
34,45,19,12/1/2017,10.0,130.36
34,45,19,13/1/17,10.0,130.43
34,45,19,14/1/17,10.0,130.5
34,45,19,15/1/17,10.0,130.57
34,45,19,16/1/17,10.0,130.64
34,45,19,17/1/17,10.0,130.71
34,45,19,18/1/17,10.0,130.78
34,45,19,19/1/17,10.0,130.85
34,45,19,20/1/17,9.0,130.92
34,45,19,21/1/17,9.0,130.99
34,45,19,22/1/17,9.0,131.06
34,45,19,23/1/17,9.0,131.13
34,45,19,24/1/17,9.0,131.2
34,45,19,25/1/17,8.0,131.27
34,45,19,26/1/17,7.0,131.34
34,45,19,27/1/17,7.0,131.41
34,45,19,28/1/17,7.0,131.48
34,45,19,29/1/17,7.0,131.55
34,45,19,30/1/17,11.0,131.62
34,45,19,31/1/17,11.0,131.69
34,45,19,1/2/2017,11.0,131.76
34,45,19,2/2/2017,6.0,131.83
34,45,19,3/2/2017,6.0,131.9
34,45,19,4/2/2017,6.0,131.97
34,45,19,5/2/2017,6.0,132.04
34,45,19,6/2/2017,9.0,132.11
34,45,19,7/2/2017,9.0,132.18
34,45,19,8/2/2017,8.0,132.25
34,45,19,9/2/2017,7.0,132.32
34,45,19,10/2/2017,7.0,132.39
34,45,19,11/2/2017,7.0,132.46
34,45,19,12/2/2017,7.0,132.53
34,45,19,13/2/17,10.0,132.6
34,45,19,14/2/17,10.0,132.67
34,45,19,15/2/17,10.0,132.74
34,45,19,16/2/17,9.0,132.81
34,45,19,17/2/17,9.0,132.88
34,45,19,18/2/17,9.0,132.95
34,45,19,19/2/17,9.0,133.02
34,45,19,20/2/17,7.0,133.09
34,45,19,21/2/17,7.0,133.16
34,45,19,22/2/17,6.0,133.23
34,45,19,23/2/17,4.0,133.3
34,45,19,24/2/17,12.0,133.37
34,45,19,25/2/17,12.0,133.44
34,45,19,26/2/17,12.0,133.51
34,45,19,27/2/17,11.0,133.58
34,45,19,28/2/17,11.0,133.65
34,45,19,1/3/2017,9.0,133.72
34,45,19,2/3/2017,9.0,133.79
34,45,19,3/3/2017,9.0,133.86
34,45,19,4/3/2017,9.0,133.93
34,45,19,5/3/2017,7.0,134.0
34,45,19,6/3/2017,7.0,134.07
34,45,19,7/3/2017,7.0,134.14
34,45,19,8/3/2017,7.0,134.21
34,45,19,9/3/2017,9.0,134.28
34,45,19,10/3/2017,8.0,134.35
34,45,19,11/3/2017,8.0,134.42
34,45,19,12/3/2017,8.0,134.49
34,45,19,13/3/17,6.0,134.56
34,45,19,14/3/17,6.0,134.63
34,45,19,15/3/17,4.0,134.7
34,45,19,16/3/17,8.0,134.77
34,45,19,17/3/17,7.0,134.84
34,45,19,18/3/17,7.0,134.91
34,45,19,19/3/17,7.0,134.98
34,45,19,20/3/17,9.0,135.05
34,45,19,21/3/17,9.0,135.12
34,45,19,22/3/17,5.0,135.19
34,45,19,23/3/17,5.0,135.26
34,45,19,24/3/17,5.0,135.33
34,45,19,25/3/17,5.0,135.4
34,45,19,26/3/17,4.0,135.47
34,45,19,27/3/17,8.0,135.54
34,45,19,28/3/17,7.0,135.61
34,45,19,29/3/17,5.0,135.68
34,45,19,30/3/17,5.0,135.75
34,45,19,31/3/17,2.0,135.82
43,41,11,10/1/2017,1.0,135.89
43,41,11,11/1/2017,1.0,135.96
43,41,11,12/1/2017,1.0,136.03
43,41,11,13/1/17,1.0,136.1
43,41,11,14/1/17,1.0,136.17
43,41,11,15/1/17,1.0,136.24
43,41,11,16/1/17,1.0,136.31
43,41,11,17/1/17,1.0,136.38
43,41,11,18/1/17,1.0,136.45
43,41,11,19/1/17,1.0,136.52
43,41,11,20/1/17,2.0,136.59
43,41,11,21/1/17,2.0,136.66
43,41,11,22/1/17,2.0,136.73
43,41,11,23/1/17,2.0,136.8
43,41,11,24/1/17,3.0,136.87
43,41,11,25/1/17,3.0,136.93
43,41,11,26/1/17,1.0,137.0
43,41,11,27/1/17,1.0,137.07
43,41,11,28/1/17,1.0,137.14
43,41,11,29/1/17,1.0,137.21
43,41,11,30/1/17,1.0,137.28
43,41,11,31/1/17,2.0,137.35
43,41,11,1/2/2017,2.0,137.42
43,41,11,2/2/2017,2.0,137.49
43,41,11,3/2/2017,8.0,137.56
43,41,11,4/2/2017,8.0,137.63
43,41,11,5/2/2017,8.0,137.7
43,41,11,6/2/2017,8.0,137.77
43,41,11,7/2/2017,8.0,137.84
43,41,11,8/2/2017,8.0,137.91
43,41,11,9/2/2017,3.0,137.98
43,41,11,10/2/2017,3.0,138.05
43,41,11,11/2/2017,3.0,138.12
43,41,11,12/2/2017,3.0,138.19
43,41,11,13/2/17,3.0,138.26
43,41,11,14/2/17,3.0,138.33
43,41,11,15/2/17,3.0,138.4
43,41,11,16/2/17,3.0,138.47
43,41,11,17/2/17,3.0,138.54
43,41,11,18/2/17,3.0,138.61
43,41,11,19/2/17,3.0,138.68
43,41,11,20/2/17,6.0,138.75
43,41,11,21/2/17,6.0,138.82
43,41,11,22/2/17,6.0,138.89
43,41,11,23/2/17,6.0,138.96
43,41,11,24/2/17,6.0,139.03
43,41,11,25/2/17,6.0,139.1
43,41,11,26/2/17,6.0,139.17
43,41,11,27/2/17,6.0,139.24
43,41,11,28/2/17,6.0,139.31
43,41,11,1/3/2017,5.0,139.38
43,41,11,2/3/2017,5.0,139.45
43,41,11,3/3/2017,5.0,139.52
43,41,11,4/3/2017,5.0,139.59
43,41,11,5/3/2017,5.0,139.66
43,41,11,6/3/2017,5.0,139.73
43,41,11,7/3/2017,23.0,139.8
43,41,11,8/3/2017,23.0,139.87
43,41,11,9/3/2017,18.0,139.94
43,41,11,10/3/2017,18.0,140.01
43,41,11,11/3/2017,18.0,140.08
43,41,11,12/3/2017,18.0,140.15
43,41,11,13/3/17,18.0,140.22
43,41,11,14/3/17,10.0,140.29
43,41,11,15/3/17,1.0,140.36
43,41,11,16/3/17,1.0,140.43
43,41,11,17/3/17,1.0,140.5
43,41,11,18/3/17,1.0,140.57
43,41,11,19/3/17,1.0,140.64
43,41,11,20/3/17,18.0,140.71
43,41,11,21/3/17,18.0,140.78
43,41,11,22/3/17,3.0,140.85
43,41,11,23/3/17,3.0,140.92
43,41,11,24/3/17,3.0,140.99
43,41,11,25/3/17,3.0,141.06
43,41,11,26/3/17,3.0,141.13
43,41,11,27/3/17,2.0,141.2
43,41,11,28/3/17,20.0,141.27
43,41,11,29/3/17,8.0,141.34
43,41,11,30/3/17,8.0,141.41
43,41,11,31/3/17,7.0,141.48
43,42,11,11/1/2017,2.0,141.55
43,42,11,12/1/2017,4.0,141.62
43,42,11,13/1/17,5.0,141.69
43,42,11,14/1/17,5.0,141.76
43,42,11,15/1/17,5.0,141.83
43,42,11,16/1/17,7.0,141.9
43,42,11,17/1/17,8.0,141.97
43,42,11,18/1/17,6.0,142.04
43,42,11,19/1/17,3.0,142.11
43,42,11,20/1/17,7.0,142.18
43,42,11,21/1/17,7.0,142.25
43,42,11,22/1/17,7.0,142.32
43,42,11,23/1/17,24.0,142.39
43,42,11,24/1/17,22.0,142.46
43,42,11,25/1/17,18.0,142.53
43,42,11,26/1/17,15.0,142.6
43,42,11,27/1/17,12.0,142.67
43,42,11,28/1/17,12.0,142.74
43,42,11,29/1/17,12.0,142.81
43,42,11,30/1/17,23.0,142.88
43,42,11,31/1/17,23.0,142.95
43,42,11,1/2/2017,22.0,143.02
43,42,11,2/2/2017,18.0,143.09
43,42,11,3/2/2017,18.0,143.16
43,42,11,4/2/2017,18.0,143.23
43,42,11,5/2/2017,18.0,143.3
43,42,11,6/2/2017,24.0,143.37
43,42,11,7/2/2017,22.0,143.44
43,42,11,8/2/2017,16.0,143.51
43,42,11,9/2/2017,8.0,143.58
43,42,11,10/2/2017,5.0,143.65
43,42,11,11/2/2017,5.0,143.72
43,42,11,12/2/2017,5.0,143.79
43,42,11,13/2/17,23.0,143.86
43,42,11,14/2/17,19.0,143.93
43,42,11,15/2/17,16.0,144.0
43,42,11,16/2/17,13.0,144.07
43,42,11,17/2/17,12.0,144.14
43,42,11,18/2/17,12.0,144.21
43,42,11,19/2/17,12.0,144.28
43,42,11,20/2/17,28.0,144.35
43,42,11,21/2/17,25.0,144.42
43,42,11,22/2/17,22.0,144.49
43,42,11,23/2/17,15.0,144.56
43,42,11,24/2/17,11.0,144.62
43,42,11,25/2/17,13.0,144.69
43,42,11,26/2/17,13.0,144.76
43,42,11,27/2/17,35.0,144.83
43,42,11,28/2/17,30.0,144.9
43,42,11,1/3/2017,26.0,144.97
43,42,11,2/3/2017,19.0,145.04
43,42,11,3/3/2017,5.0,145.11
43,42,11,4/3/2017,5.0,145.18
43,42,11,5/3/2017,5.0,145.25
43,42,11,6/3/2017,16.0,145.32
43,42,11,7/3/2017,8.0,145.39
43,42,11,8/3/2017,23.0,145.46
43,42,11,9/3/2017,13.0,145.53
43,42,11,10/3/2017,7.0,145.6
43,42,11,11/3/2017,7.0,145.67
43,42,11,12/3/2017,7.0,145.74
43,42,11,13/3/17,54.0,145.81
43,42,11,14/3/17,46.0,145.88
43,42,11,15/3/17,40.0,145.95
43,42,11,16/3/17,27.0,146.02
43,42,11,17/3/17,25.0,146.09
43,42,11,18/3/17,25.0,146.16
43,42,11,19/3/17,25.0,146.23
43,42,11,20/3/17,51.0,146.3
43,42,11,21/3/17,45.0,146.37
43,42,11,22/3/17,37.0,146.44
43,42,11,23/3/17,28.0,146.51
43,42,11,24/3/17,19.0,146.58
43,42,11,25/3/17,19.0,146.65
43,42,11,26/3/17,19.0,146.72
43,42,11,27/3/17,36.0,146.79
43,42,11,28/3/17,27.0,146.86
43,42,11,29/3/17,19.0,146.93
43,42,11,30/3/17,8.0,147.0
43,42,11,31/3/17,6.0,147.07
43,44,6,17/2/17,90.0,147.14
43,44,6,18/2/17,90.0,147.21
43,44,6,19/2/17,90.0,147.28
43,44,6,20/2/17,74.0,147.35
43,44,6,21/2/17,72.0,147.42
43,44,6,22/2/17,68.0,147.49
43,44,6,23/2/17,68.0,147.56
43,44,6,24/2/17,61.0,147.63
43,44,6,25/2/17,61.0,147.7
43,44,6,26/2/17,37.0,147.77
43,44,6,27/2/17,20.0,147.84
43,47,11,25/1/17,8.0,147.91
43,47,11,26/1/17,10.0,147.98
43,47,11,27/1/17,11.0,148.05
43,47,11,28/1/17,11.0,148.12
43,47,11,29/1/17,11.0,148.19
43,47,11,30/1/17,11.0,148.26
43,47,11,31/1/17,11.0,148.33
43,47,11,1/2/2017,11.0,148.4
43,47,11,2/2/2017,11.0,148.47
43,47,11,3/2/2017,11.0,148.54
43,47,11,4/2/2017,11.0,148.61
43,47,11,5/2/2017,11.0,148.68
43,47,11,6/2/2017,11.0,148.75
43,47,11,7/2/2017,11.0,148.82
43,47,11,8/2/2017,9.0,148.89
43,47,11,9/2/2017,9.0,148.96
43,47,11,10/2/2017,7.0,149.03
43,47,11,11/2/2017,7.0,149.1
43,47,11,12/2/2017,7.0,149.17
43,47,11,13/2/17,7.0,149.24
43,47,11,14/2/17,7.0,149.31
43,47,11,15/2/17,6.0,149.38
43,47,11,16/2/17,5.0,149.45
43,47,11,17/2/17,6.0,149.52
43,47,11,18/2/17,6.0,149.59
43,47,11,19/2/17,6.0,149.66
43,47,11,20/2/17,10.0,149.73
43,47,11,21/2/17,61.0,149.8
43,47,11,22/2/17,52.0,149.87
43,47,11,23/2/17,48.0,149.94
43,47,11,24/2/17,46.0,150.01
43,47,11,25/2/17,46.0,150.08
43,47,11,26/2/17,46.0,150.15
43,47,11,27/2/17,46.0,150.22
43,47,11,28/2/17,41.0,150.29
43,47,11,1/3/2017,33.0,150.36
43,47,11,2/3/2017,25.0,150.43
43,47,11,3/3/2017,24.0,150.5
43,47,11,4/3/2017,24.0,150.57
43,47,11,5/3/2017,24.0,150.64
43,47,11,6/3/2017,11.0,150.71
43,47,11,7/3/2017,8.0,150.78
43,47,11,8/3/2017,3.0,150.85
43,47,11,9/3/2017,,150.92
43,47,11,10/3/2017,,150.99
43,47,11,11/3/2017,,151.06
43,47,11,12/3/2017,,151.13
43,47,11,13/3/17,,151.2
43,47,11,14/3/17,,151.27
43,47,11,15/3/17,,151.34
43,47,11,16/3/17,,151.41
43,47,11,17/3/17,,151.48
43,47,11,18/3/17,,151.55
43,47,11,19/3/17,,151.62
43,47,11,20/3/17,,151.69
43,47,11,21/3/17,19.0,151.76
43,47,11,22/3/17,20.0,151.83
43,47,11,23/3/17,19.0,151.9
43,47,11,24/3/17,20.0,151.97
43,47,11,25/3/17,20.0,152.04
43,47,11,26/3/17,20.0,152.11
43,47,11,27/3/17,19.0,152.18
43,47,11,28/3/17,14.0,152.25
43,47,11,29/3/17,11.0,152.31
43,47,11,30/3/17,8.0,152.38
43,47,11,31/3/17,8.0,152.45
